41,hdockrill0,mF7&bS7.}M,Aliquam non mauris. Morbi non lectus.,1-
27,hharewood1,dV2<FfS*/,Phasellus id sapien in sapien iaculis congue.,1-
39,rbarrs2,"qZ9?%i<_A.,)!",Cras pellentesque volutpat dui.,1-
41,corta3,sP6/'ou#%*f1yn\s,Maecenas pulvinar lobortis est.,1-
40,sdiamant4,oY2>xWj~.g@F\`'X,Quisque id justo sit amet sapien dignissim vestibulum. Vestibulum ante ipsum primis in faucibus orci luctus et ultrices posuere cubilia Curae; Nulla dapibus dolor vel est.,1-
25,jpauls5,eD9*ge5Fez,Aenean fermentum. Donec ut mauris eget massa tempor convallis.,1-
39,fdaviot6,xG2.oGw'CZ`MZqlz,"Integer non velit. Donec diam neque, vestibulum eget, vulputate ut, ultrices vel, augue.",1-
28,zharesnaip7,"iX3&XuK7,>6k&","Cum sociis natoque penatibus et magnis dis parturient montes, nascetur ridiculus mus.",1-
30,sdoogood8,eZ6%LZ{eHkrw,Suspendisse accumsan tortor quis turpis. Sed ante.,1-
47,jduesberry9,xE8(KvH\,Proin risus.,1-
36,ehuxhama,vK6_+(h0r,"Donec vitae nisi. Nam ultrices, libero non mattis pulvinar, nulla pede ullamcorper augue, a suscipit nulla elit ac nulla.",1-
43,fokillb,xN6\S%UW/@%=*L,Integer tincidunt ante vel ipsum.,1-
32,edungatec,"tD8={YB#`D,@SJe4","Mauris enim leo, rhoncus sed, vestibulum sit amet, cursus id, turpis. Integer aliquet, massa id lobortis convallis, tortor risus dapibus augue, vel accumsan tellus nisi eu orci.",1-
46,iwesthoferd,lB1+~+)JNym3},"Nulla neque libero, convallis eget, eleifend luctus, ultricies eu, nibh. Quisque id justo sit amet sapien dignissim vestibulum.",1-
45,ftearnye,cX5*?|hw9SD,Aliquam sit amet diam in magna bibendum imperdiet.,1-
37,lottawellf,iQ5\*FFI\QS,Sed sagittis.,1-
33,mkilfederg,jW2@pNI)GTRU,Donec vitae nisi.,1-
37,jlegendreh,dF6.Nk_lT,Integer ac neque.,1-
30,vhallewelli,vT1>byh4r.?,"Quisque erat eros, viverra eget, congue eget, semper rutrum, nulla.",1-
41,vescaleraj,dE5>RmiNMRGslhP,"Cum sociis natoque penatibus et magnis dis parturient montes, nascetur ridiculus mus.",1-
37,tfilkink,aX1$%*?Wau3E+AdX,"Morbi sem mauris, laoreet ut, rhoncus aliquet, pulvinar sed, nisl. Nunc rhoncus dui vel sem.",1-
33,hpitherickl,"fS4.9""F=VA#{2","Lorem ipsum dolor sit amet, consectetuer adipiscing elit. Proin risus.",1-
45,gleatm,oY5&9EMy*4,Nullam porttitor lacus at turpis.,1-
44,cwanelln,hE6{7IerRAKU&Jq,Duis at velit eu est congue elementum.,1-
37,bjordineo,sX3+r1+3#Cj,Curabitur at ipsum ac tellus semper interdum.,1-
