Antonino,Haggerstone,Managh,aib958564n93yz644,swf05195320jjm,14/08/2006,amanagh0@deliciousdays.com,1-,A,1
Hadria,Woodhall,Rubury,pdy005704g10zd884,iqj15104992zli,06/07/2002,hrubury1@timesonline.co.uk,1-,A,1
Aurea,Sharer,Squires,mde722518c32tr955,glf28742306quc,27/02/2007,asquires2@archive.org,1-,A,1
Gelya,De Anesy,Dreus,dsh487553n85dc657,fty73519918xui,26/02/2002,gdreus3@boston.com,1-,A,3
Skelly,Keinrat,Demer,kaw357463k13ch215,kdn63748212wxl,02/05/2006,sdemer4@histats.com,1-,A,3
Vinnie,Leamy,Bestar,iks359086o15yy323,lkx88724333hmi,26/06/1996,vbestar5@nature.com,1-,A,2
Clevey,Ferier,Matschuk,ucp708819e16md144,rja82232563vme,15/12/2007,cmatschuk6@examiner.com,1-,A,5
Raimundo,Ferriman,Pimme,gal708215x15dl386,rmb94857612mfm,06/04/1996,rpimme7@facebook.com,1-,A,4
Sophia,Nevitt,Youthed,lhe349352a30vb852,kan25388667jft,30/08/2006,syouthed8@reuters.com,1-,A,3
Hew,Hargroves,Jimes,van612840t60jn815,cer02931353yux,10/11/2007,hjimes9@ask.com,1-,A,2
Piggy,Muldrew,Gercken,kzv581887b32uq115,dwj84905163pok,01/08/2004,pgerckena@ucoz.ru,1-,A,5
Lory,Threadgould,Pincked,sox013919p17uw487,ifk47904461nxm,18/03/2003,lpinckedb@arizona.edu,1-,A,5
Pam,Tassel,Vasquez,gol854259j06dc362,fzd28846226deo,27/04/2002,pvasquezc@google.co.uk,1-,A,5
Sam,Gasking,McFadyen,xyx746405u14ok381,wod28455120eys,01/10/1997,smcfadyend@timesonline.co.uk,1-,A,5
Bret,Cackett,Benneton,iyq814426y60aa438,lqm16539352uza,19/10/1998,bbennetone@wix.com,1-,A,5
Shamus,Colcomb,Copp,sch103103d03km710,hgw31103323dkp,18/10/2005,scoppf@merriam-webster.com,1-,A,1
Joela,Orta,Franzonello,dly449625i44va550,cxw29991067agh,29/08/2004,jfranzonellog@behance.net,1-,A,4
Malissa,O' Molan,Wimpress,sfi420721m32pq941,avn11260152uiq,13/01/1996,mwimpressh@mail.ru,1-,A,1
Martainn,Blewett,MacCafferty,kab263329z70hj220,ckx65468084ntr,09/04/1995,mmaccaffertyi@istockphoto.com,1-,A,5
Garrot,Golledge,Dallman,rco829898t08ee832,ufq05786867wuc,14/12/2000,gdallmanj@ftc.gov,1-,A,3
Keefe,O'Gaven,Castano,ide998173u44yj430,wev78190683bkm,02/01/1995,kcastanok@techcrunch.com,1-,A,4
Zondra,Fourcade,Tompsett,xnm055859e28cd523,kzc14067833hdz,23/12/2000,ztompsettl@samsung.com,1-,A,3
Morton,Eaklee,Vurley,mjg547556t27qu431,sgn36742819nnp,12/04/2005,mvurleym@opera.com,1-,A,5
Ransom,Pisculli,Eldred,glt855634y32ki674,drn94176655bcd,13/01/2002,reldredn@oracle.com,1-,A,5
Romy,Hebard,Dodworth,hsk502017l46uv326,nbv23233779qwk,03/04/2005,rdodwortho@homestead.com,1-,A,5
