Halli,Antoszczyk,Cockley,siv304271f35qb875,ius03040104mre,16/12/2000,hcockley0@apple.com,1-,I,2
Nehemiah,Josifovic,Melbourn,eiz828083x56ks586,qgt62689460qqk,04/08/1999,nmelbourn1@google.es,1-,I,2
Paquito,Strippel,Lawleff,lbi562398w40xz149,zmh90375538bld,10/04/2005,plawleff2@usgs.gov,1-,I,3
Rozella,Sharply,Finden,nzv842536j76xt636,trm15410709byx,13/03/2006,rfinden3@dropbox.com,1-,I,4
Galen,Gaddes,Bastie,dth430567v95bp501,ctd53387692ohb,09/05/2000,gbastie4@aboutads.info,1-,I,1
Nedi,Chicchelli,Peckett,tim899885b41vo068,fpg46589845yfz,19/02/1997,npeckett5@alibaba.com,1-,I,3
Theodoric,Bage,Reidshaw,kut025378b36ix331,pbk74143250ymq,13/04/1995,treidshaw6@com.com,1-,I,5
Vittorio,Minihan,Petschel,ilj040333s73kf162,mjw39360911kuw,03/08/2001,vpetschel7@bravesites.com,1-,I,2
Jackie,MacPeice,Oles,omg846755t35wm829,diq84807959iui,05/10/2002,joles8@cnbc.com,1-,I,2
Kerri,Fee,Hulett,ivi083533o26pc802,toc03357064qhq,26/12/1995,khulett9@uol.com.br,1-,I,1
Susy,Haycock,Coughtrey,zee529118m86ue905,elt94463747unr,31/12/2000,scoughtreya@toplist.cz,1-,I,4
Vance,Robecon,Hinsch,npl179604x10ab688,qft34028965ked,12/01/1996,vhinschb@netscape.com,1-,I,5
Judy,Dymoke,Byrth,pyv134480y22gq670,rcx09527126qjm,06/08/2003,jbyrthc@aol.com,1-,I,3
Angelica,Shovelin,Berryann,pag604507z89lm522,gsn84206377lqh,25/07/1999,aberryannd@seattletimes.com,1-,I,4
Kirby,Kybird,Eslemont,vzy322974z28cb577,omu30864323ges,14/09/1995,keslemonte@jugem.jp,1-,I,1
Egbert,Markwell,Arrundale,oid981268y72ol984,zoc97703006ked,05/06/2004,earrundalef@netvibes.com,1-,I,5
Clare,Flasby,Davidzon,krb373983l09fp507,wku71967817mgw,31/05/1998,cdavidzong@gmpg.org,1-,I,2
Jesselyn,McJerrow,Hinrichsen,ugo068719i58jo552,axf11791127lbh,13/03/2004,jhinrichsenh@cnet.com,1-,I,2
Gordy,Topham,Fosserd,uge515072y13tq501,cjy76383925igo,13/06/2005,gfosserdi@twitter.com,1-,I,2
Carolynn,Coper,Bellhanger,qtg645256o42qx462,auu90750273wzw,21/11/2006,cbellhangerj@ihg.com,1-,I,4
Caitlin,Uzelli,Earnshaw,mja950356e52gm571,nlk83984559xxh,14/03/1999,cearnshawk@devhub.com,1-,I,5
Leonerd,Naper,Donwell,dkt580431d94vi827,egd58665156owr,08/12/2001,ldonwelll@princeton.edu,1-,I,5
Katalin,McGillivrie,Leuty,eun939697x92wt498,eoj54599190bny,25/11/1998,kleutym@ameblo.jp,1-,I,2
Athene,Wallworke,Listone,xym735904r33tu511,gzc17684997ujr,27/01/1995,alistonen@symantec.com,1-,I,4
Clarance,Akrigg,Domnick,dwe823481a28mi621,xux47626521nfu,26/05/2004,cdomnicko@over-blog.com,1-,I,2
