24,9,13885-07465,5,https://1und1.de/dapibus/nulla/suscipit/ligula.png?vehicula=a
10,18,32218-18398,8,http://harvard.edu/ante/ipsum/primis.xml?commodo=integer&placerat=aliquet&praesent=massa&blandit=id
17,16,56883-15505,8,https://comcast.net/consequat/in/consequat/ut/nulla/sed/accumsan.json?vestibulum=integer&ante=ac&ipsum=leo&primis=pellentesque&in=ultrices&faucibus=mattis&orci=odio&luctus=donec&et=vitae&ultrices=nisi&posuere=nam&cubilia=ultrices&curae=libero&donec=non&pharetra=mattis&magna=pulvinar&vestibulum=nulla&aliquet=pede&ultrices=ullamcorper&erat=augue&tortor=a&sollicitudin=suscipit&mi=nulla&sit=elit&amet=ac&lobortis=nulla&sapien=sed&sapien=vel&non=enim&mi=sit&integer=amet&ac=nunc&neque=viverra&duis=dapibus&bibendum=nulla&morbi=suscipit&non=ligula&quam=in&nec=lacus&dui=curabitur&luctus=at&rutrum=ipsum&nulla=ac&tellus=tellus&in=semper&sagittis=interdum&dui=mauris&vel=ullamcorper&nisl=purus
11,5,79005-45190,5,http://japanpost.jp/nisi/nam/ultrices/libero.aspx?pretium=maecenas&nisl=leo&ut=odio&volutpat=condimentum&sapien=id&arcu=luctus&sed=nec&augue=molestie&aliquam=sed&erat=justo&volutpat=pellentesque&in=viverra&congue=pede&etiam=ac&justo=diam&etiam=cras&pretium=pellentesque&iaculis=volutpat&justo=dui&in=maecenas&hac=tristique&habitasse=est&platea=et&dictumst=tempus&etiam=semper&faucibus=est&cursus=quam&urna=pharetra&ut=magna&tellus=ac&nulla=consequat&ut=metus&erat=sapien&id=ut&mauris=nunc&vulputate=vestibulum&elementum=ante&nullam=ipsum&varius=primis&nulla=in&facilisi=faucibus&cras=orci&non=luctus&velit=et&nec=ultrices&nisi=posuere&vulputate=cubilia&nonummy=curae&maecenas=mauris&tincidunt=viverra&lacus=diam&at=vitae&velit=quam&vivamus=suspendisse&vel=potenti&nulla=nullam&eget=porttitor&eros=lacus&elementum=at&pellentesque=turpis&quisque=donec&porta=posuere&volutpat=metus&erat=vitae&quisque=ipsum&erat=aliquam&eros=non&viverra=mauris&eget=morbi&congue=non&eget=lectus&semper=aliquam
3,4,87569-32440,6,https://icq.com/praesent/lectus/vestibulum/quam.html?dolor=in&vel=lectus&est=pellentesque&donec=at&odio=nulla&justo=suspendisse&sollicitudin=potenti&ut=cras&suscipit=in&a=purus&feugiat=eu&et=magna&eros=vulputate&vestibulum=luctus&ac=cum&est=sociis&lacinia=natoque&nisi=penatibus&venenatis=et&tristique=magnis&fusce=dis&congue=parturient&diam=montes&id=nascetur
15,1,42930-07935,6,https://parallels.com/mollis/molestie/lorem.xml?tristique=massa&fusce=id&congue=nisl&diam=venenatis&id=lacinia&ornare=aenean&imperdiet=sit&sapien=amet&urna=justo&pretium=morbi&nisl=ut&ut=odio&volutpat=cras&sapien=mi&arcu=pede&sed=malesuada&augue=in&aliquam=imperdiet&erat=et&volutpat=commodo&in=vulputate&congue=justo
16,3,74832-79141,6,https://studiopress.com/ut/massa/quis/augue/luctus/tincidunt/nulla.png?faucibus=duis&orci=bibendum&luctus=felis&et=sed&ultrices=interdum&posuere=venenatis&cubilia=turpis&curae=enim&duis=blandit&faucibus=mi&accumsan=in&odio=porttitor&curabitur=pede&convallis=justo&duis=eu&consequat=massa&dui=donec&nec=dapibus&nisi=duis&volutpat=at&eleifend=velit&donec=eu&ut=est&dolor=congue&morbi=elementum&vel=in&lectus=hac&in=habitasse&quam=platea&fringilla=dictumst&rhoncus=morbi
0,2,14061-67192,10,https://usatoday.com/convallis/tortor/risus/dapibus/augue/vel/accumsan.jsp?nisl=proin&aenean=at&lectus=turpis&pellentesque=a&eget=pede&nunc=posuere&donec=nonummy&quis=integer&orci=non&eget=velit&orci=donec&vehicula=diam&condimentum=neque&curabitur=vestibulum&in=eget&libero=vulputate&ut=ut&massa=ultrices&volutpat=vel&convallis=augue&morbi=vestibulum&odio=ante&odio=ipsum&elementum=primis&eu=in&interdum=faucibus&eu=orci&tincidunt=luctus&in=et&leo=ultrices&maecenas=posuere&pulvinar=cubilia&lobortis=curae&est=donec&phasellus=pharetra&sit=magna&amet=vestibulum&erat=aliquet&nulla=ultrices&tempus=erat&vivamus=tortor&in=sollicitudin&felis=mi&eu=sit&sapien=amet&cursus=lobortis&vestibulum=sapien&proin=sapien&eu=non&mi=mi&nulla=integer&ac=ac&enim=neque&in=duis&tempor=bibendum&turpis=morbi&nec=non&euismod=quam&scelerisque=nec&quam=dui&turpis=luctus&adipiscing=rutrum&lorem=nulla&vitae=tellus&mattis=in&nibh=sagittis&ligula=dui&nec=vel&sem=nisl&duis=duis&aliquam=ac&convallis=nibh&nunc=fusce&proin=lacus&at=purus&turpis=aliquet&a=at&pede=feugiat&posuere=non&nonummy=pretium&integer=quis&non=lectus&velit=suspendisse&donec=potenti&diam=in&neque=eleifend&vestibulum=quam&eget=a&vulputate=odio&ut=in&ultrices=hac&vel=habitasse&augue=platea&vestibulum=dictumst&ante=maecenas&ipsum=ut&primis=massa&in=quis&faucibus=augue
8,10,10256-87905,10,http://indiatimes.com/blandit.xml?at=sed&velit=interdum&vivamus=venenatis&vel=turpis&nulla=enim&eget=blandit&eros=mi&elementum=in&pellentesque=porttitor&quisque=pede&porta=justo&volutpat=eu&erat=massa&quisque=donec&erat=dapibus&eros=duis&viverra=at&eget=velit&congue=eu&eget=est&semper=congue&rutrum=elementum&nulla=in&nunc=hac&purus=habitasse&phasellus=platea&in=dictumst&felis=morbi&donec=vestibulum&semper=velit&sapien=id&a=pretium&libero=iaculis&nam=diam&dui=erat&proin=fermentum
12,23,47701-69994,10,http://independent.co.uk/justo/morbi/ut.png?varius=tristique&ut=fusce&blandit=congue&non=diam&interdum=id&in=ornare&ante=imperdiet
5,15,85222-23385,5,https://soup.io/nonummy/maecenas/tincidunt/lacus/at/velit/vivamus.json?ante=donec&ipsum=diam&primis=neque&in=vestibulum&faucibus=eget&orci=vulputate&luctus=ut&et=ultrices&ultrices=vel&posuere=augue&cubilia=vestibulum&curae=ante&mauris=ipsum&viverra=primis&diam=in&vitae=faucibus&quam=orci&suspendisse=luctus&potenti=et&nullam=ultrices&porttitor=posuere&lacus=cubilia&at=curae&turpis=donec&donec=pharetra&posuere=magna&metus=vestibulum&vitae=aliquet&ipsum=ultrices&aliquam=erat&non=tortor&mauris=sollicitudin&morbi=mi&non=sit&lectus=amet&aliquam=lobortis&sit=sapien&amet=sapien&diam=non&in=mi&magna=integer&bibendum=ac&imperdiet=neque&nullam=duis&orci=bibendum&pede=morbi&venenatis=non&non=quam&sodales=nec&sed=dui&tincidunt=luctus&eu=rutrum&felis=nulla&fusce=tellus&posuere=in&felis=sagittis&sed=dui&lacus=vel&morbi=nisl&sem=duis&mauris=ac&laoreet=nibh&ut=fusce&rhoncus=lacus&aliquet=purus&pulvinar=aliquet&sed=at&nisl=feugiat&nunc=non&rhoncus=pretium&dui=quis&vel=lectus&sem=suspendisse&sed=potenti&sagittis=in&nam=eleifend&congue=quam&risus=a&semper=odio&porta=in&volutpat=hac
10,12,53200-62112,2,https://biblegateway.com/ut/at/dolor/quis.jpg?orci=nulla&vehicula=ultrices&condimentum=aliquet&curabitur=maecenas&in=leo&libero=odio&ut=condimentum&massa=id&volutpat=luctus&convallis=nec&morbi=molestie&odio=sed&odio=justo&elementum=pellentesque
9,15,04677-14466,7,https://ucoz.ru/ac.js?quis=ut&tortor=suscipit&id=a
9,20,55099-06602,4,https://parallels.com/viverra/eget/congue/eget/semper.json?faucibus=dolor&orci=vel&luctus=est&et=donec&ultrices=odio&posuere=justo&cubilia=sollicitudin&curae=ut&duis=suscipit&faucibus=a&accumsan=feugiat&odio=et&curabitur=eros&convallis=vestibulum&duis=ac&consequat=est&dui=lacinia&nec=nisi&nisi=venenatis&volutpat=tristique&eleifend=fusce&donec=congue&ut=diam&dolor=id&morbi=ornare&vel=imperdiet&lectus=sapien&in=urna&quam=pretium&fringilla=nisl&rhoncus=ut&mauris=volutpat&enim=sapien&leo=arcu&rhoncus=sed&sed=augue&vestibulum=aliquam&sit=erat&amet=volutpat
12,3,83075-34366,10,https://domainmarket.com/nonummy/maecenas/tincidunt/lacus/at.png?sem=velit&mauris=eu&laoreet=est&ut=congue&rhoncus=elementum&aliquet=in&pulvinar=hac&sed=habitasse&nisl=platea&nunc=dictumst&rhoncus=morbi&dui=vestibulum&vel=velit&sem=id&sed=pretium&sagittis=iaculis&nam=diam&congue=erat&risus=fermentum&semper=justo&porta=nec&volutpat=condimentum&quam=neque&pede=sapien&lobortis=placerat&ligula=ante&sit=nulla&amet=justo
8,0,07036-34234,7,https://constantcontact.com/at/turpis/a/pede/posuere.html?rhoncus=consequat&mauris=in&enim=consequat&leo=ut&rhoncus=nulla&sed=sed&vestibulum=accumsan&sit=felis&amet=ut&cursus=at&id=dolor&turpis=quis&integer=odio&aliquet=consequat&massa=varius&id=integer&lobortis=ac&convallis=leo&tortor=pellentesque&risus=ultrices&dapibus=mattis&augue=odio&vel=donec&accumsan=vitae&tellus=nisi&nisi=nam&eu=ultrices
10,3,32203-50341,10,https://mapy.cz/at.xml?potenti=in&nullam=sagittis&porttitor=dui&lacus=vel&at=nisl&turpis=duis&donec=ac&posuere=nibh&metus=fusce&vitae=lacus&ipsum=purus&aliquam=aliquet&non=at&mauris=feugiat&morbi=non&non=pretium&lectus=quis&aliquam=lectus&sit=suspendisse&amet=potenti&diam=in&in=eleifend&magna=quam&bibendum=a&imperdiet=odio&nullam=in&orci=hac&pede=habitasse&venenatis=platea&non=dictumst&sodales=maecenas&sed=ut&tincidunt=massa&eu=quis&felis=augue&fusce=luctus&posuere=tincidunt&felis=nulla&sed=mollis&lacus=molestie&morbi=lorem&sem=quisque&mauris=ut&laoreet=erat&ut=curabitur&rhoncus=gravida&aliquet=nisi&pulvinar=at&sed=nibh&nisl=in&nunc=hac&rhoncus=habitasse&dui=platea&vel=dictumst&sem=aliquam&sed=augue&sagittis=quam&nam=sollicitudin&congue=vitae&risus=consectetuer&semper=eget&porta=rutrum&volutpat=at
8,15,75058-24668,5,https://umn.edu/ipsum.png?in=sapien&ante=urna&vestibulum=pretium&ante=nisl&ipsum=ut&primis=volutpat&in=sapien&faucibus=arcu&orci=sed&luctus=augue&et=aliquam&ultrices=erat&posuere=volutpat&cubilia=in&curae=congue&duis=etiam&faucibus=justo&accumsan=etiam&odio=pretium&curabitur=iaculis&convallis=justo&duis=in&consequat=hac&dui=habitasse&nec=platea&nisi=dictumst&volutpat=etiam&eleifend=faucibus&donec=cursus&ut=urna&dolor=ut&morbi=tellus&vel=nulla&lectus=ut&in=erat&quam=id&fringilla=mauris&rhoncus=vulputate&mauris=elementum&enim=nullam&leo=varius&rhoncus=nulla&sed=facilisi&vestibulum=cras&sit=non&amet=velit&cursus=nec&id=nisi&turpis=vulputate&integer=nonummy&aliquet=maecenas&massa=tincidunt&id=lacus&lobortis=at&convallis=velit&tortor=vivamus&risus=vel&dapibus=nulla&augue=eget&vel=eros&accumsan=elementum&tellus=pellentesque&nisi=quisque&eu=porta&orci=volutpat&mauris=erat&lacinia=quisque&sapien=erat&quis=eros&libero=viverra&nullam=eget&sit=congue&amet=eget&turpis=semper&elementum=rutrum&ligula=nulla&vehicula=nunc&consequat=purus&morbi=phasellus&a=in&ipsum=felis&integer=donec&a=semper&nibh=sapien
13,4,86335-84926,1,https://microsoft.com/interdum/mauris.xml?hendrerit=arcu&at=adipiscing&vulputate=molestie&vitae=hendrerit&nisl=at&aenean=vulputate&lectus=vitae&pellentesque=nisl&eget=aenean&nunc=lectus&donec=pellentesque&quis=eget&orci=nunc&eget=donec&orci=quis&vehicula=orci&condimentum=eget&curabitur=orci&in=vehicula&libero=condimentum&ut=curabitur&massa=in&volutpat=libero&convallis=ut&morbi=massa&odio=volutpat&odio=convallis&elementum=morbi&eu=odio&interdum=odio&eu=elementum&tincidunt=eu&in=interdum&leo=eu&maecenas=tincidunt&pulvinar=in&lobortis=leo&est=maecenas&phasellus=pulvinar&sit=lobortis&amet=est&erat=phasellus&nulla=sit&tempus=amet&vivamus=erat&in=nulla&felis=tempus&eu=vivamus&sapien=in&cursus=felis&vestibulum=eu&proin=sapien&eu=cursus&mi=vestibulum&nulla=proin&ac=eu&enim=mi&in=nulla&tempor=ac&turpis=enim&nec=in&euismod=tempor&scelerisque=turpis&quam=nec&turpis=euismod&adipiscing=scelerisque&lorem=quam
4,2,94336-26520,5,https://adobe.com/nulla/ac/enim/in.jpg?vestibulum=turpis&eget=a&vulputate=pede&ut=posuere&ultrices=nonummy&vel=integer&augue=non&vestibulum=velit&ante=donec&ipsum=diam&primis=neque&in=vestibulum&faucibus=eget&orci=vulputate&luctus=ut&et=ultrices&ultrices=vel&posuere=augue&cubilia=vestibulum&curae=ante&donec=ipsum&pharetra=primis&magna=in&vestibulum=faucibus&aliquet=orci&ultrices=luctus&erat=et&tortor=ultrices&sollicitudin=posuere&mi=cubilia&sit=curae&amet=donec&lobortis=pharetra&sapien=magna&sapien=vestibulum&non=aliquet&mi=ultrices&integer=erat&ac=tortor&neque=sollicitudin&duis=mi&bibendum=sit&morbi=amet&non=lobortis&quam=sapien&nec=sapien&dui=non&luctus=mi&rutrum=integer&nulla=ac&tellus=neque&in=duis&sagittis=bibendum&dui=morbi&vel=non&nisl=quam&duis=nec&ac=dui&nibh=luctus&fusce=rutrum&lacus=nulla&purus=tellus&aliquet=in&at=sagittis&feugiat=dui&non=vel&pretium=nisl&quis=duis&lectus=ac&suspendisse=nibh&potenti=fusce&in=lacus&eleifend=purus&quam=aliquet&a=at&odio=feugiat&in=non
11,9,12953-89745,8,http://latimes.com/convallis/nulla.js?interdum=nulla&in=tellus&ante=in&vestibulum=sagittis&ante=dui&ipsum=vel&primis=nisl&in=duis&faucibus=ac&orci=nibh&luctus=fusce&et=lacus&ultrices=purus&posuere=aliquet&cubilia=at&curae=feugiat&duis=non&faucibus=pretium&accumsan=quis&odio=lectus&curabitur=suspendisse&convallis=potenti&duis=in&consequat=eleifend&dui=quam&nec=a&nisi=odio&volutpat=in&eleifend=hac&donec=habitasse&ut=platea&dolor=dictumst&morbi=maecenas&vel=ut&lectus=massa&in=quis&quam=augue&fringilla=luctus&rhoncus=tincidunt
3,8,52465-71644,4,http://mail.ru/mauris.jsp?in=justo&congue=morbi&etiam=ut&justo=odio&etiam=cras&pretium=mi&iaculis=pede&justo=malesuada&in=in&hac=imperdiet&habitasse=et&platea=commodo&dictumst=vulputate&etiam=justo&faucibus=in&cursus=blandit&urna=ultrices&ut=enim&tellus=lorem&nulla=ipsum&ut=dolor&erat=sit&id=amet&mauris=consectetuer&vulputate=adipiscing&elementum=elit&nullam=proin&varius=interdum&nulla=mauris&facilisi=non&cras=ligula&non=pellentesque&velit=ultrices&nec=phasellus&nisi=id&vulputate=sapien&nonummy=in&maecenas=sapien&tincidunt=iaculis&lacus=congue&at=vivamus&velit=metus&vivamus=arcu&vel=adipiscing&nulla=molestie&eget=hendrerit&eros=at&elementum=vulputate&pellentesque=vitae&quisque=nisl&porta=aenean&volutpat=lectus&erat=pellentesque&quisque=eget&erat=nunc&eros=donec&viverra=quis&eget=orci&congue=eget&eget=orci&semper=vehicula&rutrum=condimentum&nulla=curabitur&nunc=in&purus=libero&phasellus=ut&in=massa&felis=volutpat&donec=convallis&semper=morbi&sapien=odio&a=odio&libero=elementum&nam=eu
12,3,26857-06207,7,http://usa.gov/scelerisque/mauris/sit/amet/eros/suspendisse.png?faucibus=ridiculus&accumsan=mus&odio=vivamus&curabitur=vestibulum&convallis=sagittis&duis=sapien&consequat=cum&dui=sociis&nec=natoque&nisi=penatibus&volutpat=et&eleifend=magnis&donec=dis&ut=parturient&dolor=montes&morbi=nascetur&vel=ridiculus&lectus=mus&in=etiam&quam=vel&fringilla=augue&rhoncus=vestibulum&mauris=rutrum&enim=rutrum&leo=neque&rhoncus=aenean&sed=auctor&vestibulum=gravida&sit=sem&amet=praesent&cursus=id&id=massa&turpis=id&integer=nisl
17,16,92437-75737,7,https://usatoday.com/nulla/eget/eros/elementum/pellentesque/quisque/porta.json?vel=rutrum&lectus=at&in=lorem&quam=integer&fringilla=tincidunt&rhoncus=ante
24,17,32555-03537,5,http://wordpress.com/purus/eu/magna.json?dictumst=erat&morbi=fermentum&vestibulum=justo&velit=nec&id=condimentum&pretium=neque&iaculis=sapien&diam=placerat&erat=ante&fermentum=nulla&justo=justo&nec=aliquam&condimentum=quis&neque=turpis&sapien=eget&placerat=elit&ante=sodales&nulla=scelerisque&justo=mauris&aliquam=sit&quis=amet&turpis=eros&eget=suspendisse&elit=accumsan&sodales=tortor&scelerisque=quis&mauris=turpis&sit=sed&amet=ante&eros=vivamus&suspendisse=tortor&accumsan=duis&tortor=mattis&quis=egestas&turpis=metus&sed=aenean&ante=fermentum&vivamus=donec&tortor=ut&duis=mauris&mattis=eget&egestas=massa&metus=tempor&aenean=convallis&fermentum=nulla&donec=neque&ut=libero&mauris=convallis&eget=eget&massa=eleifend
