1,9,13885-07465,5,https://1und1.de/ligula.png
2,18,32218-18398,8,http://harvard.edu/primis.xml
3,16,56883-15505,8,https://comcast.net/accumsan.json
4,5,79005-45190,5,http://japanpost.jp/libero.aspx
5,4,87569-32440,6,https://icq.com/quam.html
6,1,42930-07935,6,https://parallels.com/lorem.xml
7,3,74832-79141,6,https://studiopress.com/nulla.png
8,2,14061-67192,10,https://usatoday.com/accumsan.jsp
9,10,10256-87905,10,http://indiatimes.com/blandit.xml
10,23,47701-69994,10,http://independent.co.uk/ut.png
11,15,85222-23385,5,https://soup.io/vivamus.json
12,13,53200-62112,2,https://biblegateway.com/quis.jpg
13,15,04677-14466,7,https://ucoz.ru/ac.js
14,20,55099-06602,4,https://parallels.com/semper.json
15,3,83075-34366,10,https://domainmarket.com/at.png
16,1,07036-34234,7,https://constantcontact.com/posuere.html
17,3,32203-50341,10,https://mapy.cz/at.xml
18,15,75058-24668,5,https://umn.edu/ipsum.png
19,4,86335-84926,1,https://microsoft.com/mauris.xml
20,2,94336-26520,5,https://adobe.com/in.jpg
21,9,12953-89745,8,http://latimes.com/nulla.js
22,8,52465-71644,4,http://mail.ru/mauris.jsp
23,3,26857-06207,7,http://usa.gov/suspendisse.png
24,16,92437-75737,7,https://usatoday.com/porta.json
25,17,32555-03537,5,http://wordpress.com/magna.json
